Workbook

Sheet Main
A1: PO NO. | C1: CT241203066-1 | G1: DEST: | I1: ITALY
A2: S.No. | B2: Length | C2: Width | D2: Thickness | E2: Quality | F2: No. of Pcs | G2: Species | H2: Type of Glue | I2: Class | J2: Lot Number | K2: Total Pallets | L2: CBM | N2: ITALY
A3: 1 | B3: 2500 | C3: 1220 | D3: 5 | E3: B/BB | F3: 176 | G3: 100% OKOUME | H3: PF | I3: E1 | J3: =+A3 -> 1 | K3: 16 | L3: =+B3*C3*D3*F3/1000000000 -> 2.684 | N3: Thickness | O3: PCS. | P3: PF/GF
A4: 2 | B4: 2500 | C4: 1220 | D4: 10 | E4: B/BB | F4: 88 | G4: 100% OKOUME | H4: PF | I4: E1 | J4: =+A4 -> 2 | K4: 16 | L4: =+B4*C4*D4*F4/1000000000 -> 2.684 | N4: 3 | O4: 220 | P4: PF
A5: 3 | B5: 2500 | C5: 1220 | D5: 10 | E5: B/BB | F5: 88 | G5: 100% OKOUME | H5: PF | I5: E1 | J5: =+A5 -> 3 | K5: 16 | L5: =+B5*C5*D5*F5/1000000000 -> 2.684 | N5: 4 | O5: 200 | P5: PF
A6: 4 | B6: 2500 | C6: 1220 | D6: 22 | E6: B/BB | F6: 40 | G6: 100% OKOUME | H6: PF | I6: E1 | J6: =+A6 -> 4 | K6: 16 | L6: =+B6*C6*D6*F6/1000000000 -> 2.684 | N6: 5 | O6: 176 | P6: PF
A7: 5 | B7: 3100 | C7: 1530 | D7: 10 | E7: B/BB | F7: 67 | G7: 100% OKOUME | H7: PF | I7: E1 | J7: =+A7 -> 5 | K7: 16 | L7: =+B7*C7*D7*F7/1000000000 -> 3.17781 | N7: 6 | O7: 146 | P7: PF
A8: 6 | B8: 3100 | C8: 1530 | D8: 10 | E8: B/BB | F8: 67 | G8: 100% OKOUME | H8: PF | I8: E1 | J8: =+A8 -> 6 | K8: 16 | L8: =+B8*C8*D8*F8/1000000000 -> 3.17781 | N8: 8 | O8: 106 | P8: PF
A9: 7 | B9: 3100 | C9: 1530 | D9: 10 | E9: B/BB | F9: 67 | G9: 100% OKOUME | H9: PF | I9: E1 | J9: =+A9 -> 7 | K9: 16 | L9: =+B9*C9*D9*F9/1000000000 -> 3.17781 | N9: 10 | O9: 88 | P9: PF
A10: 8 | B10: 3100 | C10: 1530 | D10: 10 | E10: B/BB | F10: 67 | G10: 100% OKOUME | H10: PF | I10: E1 | J10: 8 | K10: 16 | L10: =+B10*C10*D10*F10/1000000000 -> 3.17781 | N10: 12 | O10: 72 | P10: PF
A11: 9 | B11: 3100 | C11: 1530 | D11: 10 | E11: B/BB | F11: 67 | G11: 100% OKOUME | H11: PF | I11: E1 | J11: =+A11 -> 9 | K11: 16 | L11: =+B11*C11*D11*F11/1000000000 -> 3.17781 | N11: 15 | O11: 58 | P11: PF
A12: 10 | B12: 3100 | C12: 1530 | D12: 10 | E12: B/BB | F12: 67 | G12: 100% OKOUME | H12: PF | I12: E1 | J12: =+A12 -> 10 | K12: 16 | L12: =+B12*C12*D12*F12/1000000000 -> 3.17781 | N12: 18 | O12: 49 | P12: PF
A13: 11 | B13: 3100 | C13: 1530 | D13: 10 | E13: B/BB | F13: 67 | G13: 100% OKOUME | H13: PF | I13: E1 | J13: =+A13 -> 11 | K13: 16 | L13: =+B13*C13*D13*F13/1000000000 -> 3.17781 | N13: 19 | O13: 46 | P13: PF
A14: 12 | B14: 3100 | C14: 1530 | D14: 20 | E14: B/BB | F14: 33 | G14: 100% OKOUME | H14: PF | I14: E1 | J14: =+A14 -> 12 | K14: 16 | L14: =+B14*C14*D14*F14/1000000000 -> 3.13038 | N14: 20 | O14: 46 | P14: PF
A15: 13 | B15: 3100 | C15: 1530 | D15: 20 | E15: B/BB | F15: 33 | G15: 100% OKOUME | H15: PF | I15: E1 | J15: =+A15 -> 13 | K15: 16 | L15: =+B15*C15*D15*F15/1000000000 -> 3.13038 | N15: 22 | O15: 40 | P15: PF
A16: 14 | B16: 3100 | C16: 1530 | D16: 20 | E16: B/BB | F16: 33 | G16: 100% OKOUME | H16: PF | I16: E1 | J16: =+A16 -> 14 | K16: 16 | L16: =+B16*C16*D16*F16/1000000000 -> 3.13038 | N16: 25 | O16: 35 | P16: PF
A17: 15 | B17: 3100 | C17: 1530 | D17: 22 | E17: B/BB | F17: 30 | G17: 100% OKOUME | H17: PF | I17: E1 | J17: =+A17 -> 15 | K17: 16 | L17: =+B17*C17*D17*F17/1000000000 -> 3.13038 | N17: 30 | O17: 29 | P17: PF
A18: 16 | B18: 3100 | C18: 1530 | D18: 30 | E18: B/BB | F18: 22 | G18: 100% OKOUME | H18: PF | I18: E1 | J18: =+A18 -> 16 | K18: 16 | L18: =+B18*C18*D18*F18/1000000000 -> 3.13038 | N18: 35 | O18: 25 | P18: PF
N19: 40 | O19: 22 | P19: PF
N20: 4 | O20: 168 | P20: GF
N21: 5 | O21: 134 | P21: GF
N22: 6 | O22: 112 | P22: GF
N23: 8 | O23: 81 | P23: GF
N24: 10 | O24: 67 | P24: GF
N25: 12 | O25: 55 | P25: GF
N26: 15 | O26: 45 | P26: GF
N27: 18 | O27: 37 | P27: GF
N28: 19 | O28: 33 | P28: GF
N29: 20 | O29: 33 | P29: GF
N30: 22 | O30: 30 | P30: GF
... N34: 40 | O34: 16 | P34: GF
N35: 2.1 | O35: 325

Sheet Stickers
A1: SHIPPER | E1: : | F1: STAR PLY GABON | O1: SHIPPER | S1: : | T1: STAR PLY GABON | AC1: SHIPPER | AG1: : | AH1: STAR PLY GABON | AQ1: SHIPPER | AU1: : | AV1: STAR PLY GABON | BE1: SHIPPER | BI1: : | BJ1: STAR PLY GABON | BS1: SHIPPER | BW1: : | BX1: STAR PLY GABON | CG1: SHIPPER | CK1: : | CL1: STAR PLY GABON | CU1: SHIPPER | CY1: : | CZ1: STAR PLY GABON | DI1: SHIPPER | DM1: : | DN1: STAR PLY GABON | DW1: SHIPPER | EA1: : | EB1: STAR PLY GABON | EK1: SHIPPER | EO1: : | EP1: STAR PLY GABON | EY1: SHIPPER | FC1: : | FD1: STAR PLY GABON | FM1: SHIPPER | FQ1: : | FR1: STAR PLY GABON | GA1: SHIPPER | GE1: : | GF1: STAR PLY GABON | GO1: SHIPPER | GS1: : | GT1: STAR PLY GABON | HC1: SHIPPER | HG1: : | HH1: STAR PLY GABON | HQ1: SHIPPER | HU1: : | HV1: STAR PLY GABON | IE1: SHIPPER | II1: : | IJ1: STAR PLY GABON | IS1: SHIPPER | IW1: : | IX1: STAR PLY GABON | JG1: SHIPPER | JK1: : | JL1: STAR PLY GABON | JU1: SHIPPER | JY1: : | JZ1: STAR PLY GABON | KI1: SHIPPER | KM1: : | KN1: STAR PLY GABON | KW1: SHIPPER | LA1: : | LB1: STAR PLY GABON | LK1: SHIPPER | LO1: : | LP1: STAR PLY GABON | LY1: SHIPPER | MC1: : | MD1: STAR PLY GABON | MM1: SHIPPER | MQ1: : | MR1: STAR PLY GABON | NA1: SHIPPER | NE1: : | NF1: STAR PLY GABON | NO1: SHIPPER | NS1: : | NT1: STAR PLY GABON | OC1: SHIPPER | OG1: : | OH1: STAR PLY GABON | OQ1: SHIPPER | OU1: : | OV1: STAR PLY GABON | PE1: SHIPPER | PI1: : | PJ1: STAR PLY GABON | PS1: SHIPPER | PW1: : | PX1: STAR PLY GABON
A2: CONSIGNEE | E2: : | F2: ROUGIER AFRIQUE INTERNATIONAL | O2: CONSIGNEE | S2: : | T2: ROUGIER AFRIQUE INTERNATIONAL | AC2: CONSIGNEE | AG2: : | AH2: ROUGIER AFRIQUE INTERNATIONAL | AQ2: CONSIGNEE | AU2: : | AV2: ROUGIER AFRIQUE INTERNATIONAL | BE2: CONSIGNEE | BI2: : | BJ2: ROUGIER AFRIQUE INTERNATIONAL | BS2: CONSIGNEE | BW2: : | BX2: ROUGIER AFRIQUE INTERNATIONAL | CG2: CONSIGNEE | CK2: : | CL2: ROUGIER AFRIQUE INTERNATIONAL | CU2: CONSIGNEE | CY2: : | CZ2: ROUGIER AFRIQUE INTERNATIONAL | DI2: CONSIGNEE | DM2: : | DN2: ROUGIER AFRIQUE INTERNATIONAL | DW2: CONSIGNEE | EA2: : | EB2: ROUGIER AFRIQUE INTERNATIONAL | EK2: CONSIGNEE | EO2: : | EP2: ROUGIER AFRIQUE INTERNATIONAL | EY2: CONSIGNEE | FC2: : | FD2: ROUGIER AFRIQUE INTERNATIONAL | FM2: CONSIGNEE | FQ2: : | FR2: ROUGIER AFRIQUE INTERNATIONAL | GA2: CONSIGNEE | GE2: : | GF2: ROUGIER AFRIQUE INTERNATIONAL | GO2: CONSIGNEE | GS2: : | GT2: ROUGIER AFRIQUE INTERNATIONAL | HC2: CONSIGNEE | HG2: : | HH2: ROUGIER AFRIQUE INTERNATIONAL | HQ2: CONSIGNEE | HU2: : | HV2: ROUGIER AFRIQUE INTERNATIONAL | IE2: CONSIGNEE | II2: : | IJ2: ROUGIER AFRIQUE INTERNATIONAL | IS2: CONSIGNEE | IW2: : | IX2: ROUGIER AFRIQUE INTERNATIONAL | JG2: CONSIGNEE | JK2: : | JL2: ROUGIER AFRIQUE INTERNATIONAL | JU2: CONSIGNEE | JY2: : | JZ2: ROUGIER AFRIQUE INTERNATIONAL | KI2: CONSIGNEE | KM2: : | KN2: ROUGIER AFRIQUE INTERNATIONAL | KW2: CONSIGNEE | LA2: : | LB2: ROUGIER AFRIQUE INTERNATIONAL | LK2: CONSIGNEE | LO2: : | LP2: ROUGIER AFRIQUE INTERNATIONAL | LY2: CONSIGNEE | MC2: : | MD2: ROUGIER AFRIQUE INTERNATIONAL | MM2: CONSIGNEE | MQ2: : | MR2: ROUGIER AFRIQUE INTERNATIONAL | NA2: CONSIGNEE | NE2: : | NF2: ROUGIER AFRIQUE INTERNATIONAL | NO2: CONSIGNEE | NS2: : | NT2: ROUGIER AFRIQUE INTERNATIONAL | OC2: CONSIGNEE | OG2: : | OH2: ROUGIER AFRIQUE INTERNATIONAL | OQ2: CONSIGNEE | OU2: : | OV2: ROUGIER AFRIQUE INTERNATIONAL | PE2: CONSIGNEE | PI2: : | PJ2: ROUGIER AFRIQUE INTERNATIONAL | PS2: CONSIGNEE | PW2: : | PX2: ROUGIER AFRIQUE INTERNATIONAL
A3: DEST | E3: : | F3: =+Main!I1 -> ITALY | O3: DEST | S3: : | T3: =+Main!I1 -> ITALY | AC3: DEST | AG3: : | AH3: =+Main!I1 -> ITALY | AQ3: DEST | AU3: : | AV3: =+Main!I1 -> ITALY | BE3: DEST | BI3: : | BJ3: =+Main!I1 -> ITALY | BS3: DEST | BW3: : | BX3: =+Main!I1 -> ITALY | CG3: DEST | CK3: : | CL3: =+Main!I1 -> ITALY | CU3: DEST | CY3: : | CZ3: =+Main!I1 -> ITALY | DI3: DEST | DM3: : | DN3: =+Main!I1 -> ITALY | DW3: DEST | EA3: : | EB3: =+Main!I1 -> ITALY | EK3: DEST | EO3: : | EP3: =+Main!I1 -> ITALY | EY3: DEST | FC3: : | FD3: =+Main!I1 -> ITALY | FM3: DEST | FQ3: : | FR3: =+Main!I1 -> ITALY | GA3: DEST | GE3: : | GF3: =+Main!I1 -> ITALY | GO3: DEST | GS3: : | GT3: =+Main!I1 -> ITALY | HC3: DEST | HG3: : | HH3: =+Main!I1 -> ITALY | HQ3: DEST | HU3: : | HV3: =+Main!I1 -> ITALY | IE3: DEST | II3: : | IJ3: =+Main!I1 -> ITALY | IS3: DEST | IW3: : | IX3: =+Main!I1 -> ITALY | JG3: DEST | JK3: : | JL3: =+Main!I1 -> ITALY | JU3: DEST | JY3: : | JZ3: =+Main!I1 -> ITALY | KI3: DEST | KM3: : | KN3: =+Main!I1 -> ITALY | KW3: DEST | LA3: : | LB3: =+Main!I1 -> ITALY | LK3: DEST | LO3: : | LP3: =+Main!I1 -> ITALY | LY3: DEST | MC3: : | MD3: =+Main!I1 -> ITALY | MM3: DEST | MQ3: : | MR3: =+Main!I1 -> ITALY | NA3: DEST | NE3: : | NF3: =+Main!I1 -> ITALY | NO3: DEST | NS3: : | NT3: =+Main!I1 -> ITALY | OC3: DEST | OG3: : | OH3: =+Main!I1 -> ITALY | OQ3: DEST | OU3: : | OV3: =+Main!I1 -> ITALY | PE3: DEST | PI3: : | PJ3: =+Main!I1 -> ITALY | PS3: DEST | PW3: : | PX3: =+Main!I1 -> ITALY
A4: Size (mm) (Longueur X Largeur X Épaisseur) | I4: : | J4: =+Main!B3 -> 2500 | K4: X | L4: =+Main!C3 -> 1220 | M4: X | N4: =+Main!D3 -> 5 | O4: Size (mm) (Longueur X Largeur X Épaisseur) | W4: : | X4: =+Main!B4 -> 2500 | Y4: X | Z4: =+Main!C4 -> 1220 | AA4: X | AB4: =+Main!D4 -> 10 | AC4: Size (mm) (Longueur X Largeur X Épaisseur) | AK4: : | AL4: =+Main!B5 -> 2500 | AM4: X | AN4: =+Main!C5 -> 1220 | AO4: X | AP4: =+Main!D5 -> 10 | AQ4: Size (mm) (Longueur X Largeur X Épaisseur) | AY4: : | AZ4: =+Main!B6 -> 2500 | BA4: X | BB4: =+Main!C6 -> 1220 | BC4: X | BD4: =+Main!D6 -> 22 | BE4: Size (mm) (Longueur X Largeur X Épaisseur) | BM4: : | BN4: =+Main!B7 -> 3100 | BO4: X | BP4: =+Main!C7 -> 1530 | BQ4: X | BR4: =+Main!D7 -> 10 | BS4: Size (mm) (Longueur X Largeur X Épaisseur) | CA4: : | CB4: =+Main!B8 -> 3100 | CC4: X | CD4: =+Main!C8 -> 1530 | CE4: X | CF4: =+Main!D8 -> 10 | CG4: Size (mm) (Longueur X Largeur X Épaisseur) | CO4: : | CP4: =+Main!B9 -> 3100 | CQ4: X | CR4: =+Main!C9 -> 1530 | CS4: X | CT4: =+Main!D9 -> 10 | CU4: Size (mm) (Longueur X Largeur X Épaisseur) | DC4: : | DD4: =+Main!B10 -> 3100 | DE4: X | DF4: =+Main!C10 -> 1530 | DG4: X | DH4: =+Main!D10 -> 10 | DI4: Size (mm) (Longueur X Largeur X Épaisseur) | DQ4: : | DR4: =+Main!B11 -> 3100 | DS4: X | DT4: =+Main!C11 -> 1530 | DU4: X | DV4: =+Main!D11 -> 10 | DW4: Size (mm) (Longueur X Largeur X Épaisseur) | EE4: : | EF4: =+Main!B12 -> 3100 | EG4: X | EH4: =+Main!C12 -> 1530 | EI4: X | EJ4: =+Main!D12 -> 10 | EK4: Size (mm) (Longueur X Largeur X Épaisseur) | ES4: : | ET4: =+Main!B13 -> 3100 | EU4: X | EV4: =+Main!C13 -> 1530 | EW4: X | EX4: =+Main!D13 -> 10 | EY4: Size (mm) (Longueur X Largeur X Épaisseur) | FG4: : | FH4: =+Main!B14 -> 3100 | FI4: X | FJ4: =+Main!C14 -> 1530 | FK4: X | FL4: =+Main!D14 -> 20 | FM4: Size (mm) (Longueur X Largeur X Épaisseur) | FU4: : | FV4: =+Main!B15 -> 3100 | FW4: X | FX4: =+Main!C15 -> 1530 | FY4: X | FZ4: =+Main!D15 -> 20 | GA4: Size (mm) (Longueur X Largeur X Épaisseur) | GI4: : | GJ4: =+Main!B16 -> 3100 | GK4: X | GL4: =+Main!C16 -> 1530 | GM4: X | GN4: =+Main!D16 -> 20 | GO4: Size (mm) (Longueur X Largeur X Épaisseur) | GW4: : | GX4: =+Main!B17 -> 3100 | GY4: X | GZ4: =+Main!C17 -> 1530 | HA4: X | HB4: =+Main!D17 -> 22 | HC4: Size (mm) (Longueur X Largeur X Épaisseur) | HK4: : | HL4: =+Main!B18 -> 3100 | HM4: X | HN4: =+Main!C18 -> 1530 | HO4: X | HP4: =+Main!D18 -> 30 | HQ4: Size (mm) (Longueur X Largeur X Épaisseur) | HY4: : | HZ4: =+Main!B19 -> 0 | IA4: X | IB4: =+Main!C19 -> 0 | IC4: X | ID4: =+Main!D19 -> 0 | IE4: Size (mm) (Longueur X Largeur X Épaisseur) | IM4: : | IN4: =+Main!B20 -> 0 | IO4: X | IP4: =+Main!C20 -> 0 | IQ4: X | IR4: =+Main!D20 -> 0 | IS4: Size (mm) (Longueur X Largeur X Épaisseur) | JA4: : | JB4: =+Main!B21 -> 0 | JC4: X | JD4: =+Main!C21 -> 0 | JE4: X | JF4: =+Main!D21 -> 0 | JG4: Size (mm) (Longueur X Largeur X Épaisseur) | JO4: : | JP4: =+Main!B22 -> 0 | JQ4: X | JR4: =+Main!C22 -> 0 | JS4: X | JT4: =+Main!D22 -> 0 | JU4: Size (mm) (Longueur X Largeur X Épaisseur) | KC4: : | KD4: =+Main!B23 -> 0 | KE4: X | KF4: =+Main!C23 -> 0 | KG4: X | KH4: =+Main!D23 -> 0 | KI4: Size (mm) (Longueur X Largeur X Épaisseur) | KQ4: : | KR4: =+Main!B24 -> 0 | KS4: X | KT4: =+Main!C24 -> 0 | KU4: X | KV4: =+Main!D24 -> 0 | KW4: Size (mm) (Longueur X Largeur X Épaisseur) | LE4: : | LF4: =+Main!B25 -> 0 | LG4: X | LH4: =+Main!C25 -> 0 | LI4: X | LJ4: =+Main!D25 -> 0 | LK4: Size (mm) (Longueur X Largeur X Épaisseur) | LS4: : | LT4: =+Main!B26 -> 0 | LU4: X | LV4: =+Main!C26 -> 0 | LW4: X | LX4: =+Main!D26 -> 0 | LY4: Size (mm) (Longueur X Largeur X Épaisseur) | MG4: : | MH4: =+Main!B27 -> 0 | MI4: X | MJ4: =+Main!C27 -> 0 | MK4: X | ML4: =+Main!D27 -> 0 | MM4: Size (mm) (Longueur X Largeur X Épaisseur) | MU4: : | MV4: =+Main!B28 -> 0 | MW4: X | MX4: =+Main!C28 -> 0 | MY4: X | MZ4: =+Main!D28 -> 0 | NA4: Size (mm) (Longueur X Largeur X Épaisseur) | NI4: : | NJ4: =+Main!B29 -> 0 | NK4: X | NL4: =+Main!C29 -> 0 | NM4: X | NN4: =+Main!D29 -> 0 | NO4: Size (mm) (Longueur X Largeur X Épaisseur) | NW4: : | NX4: =+Main!B30 -> 0 | NY4: X | NZ4: =+Main!C30 -> 0 | OA4: X | OB4: =+Main!D30 -> 0 | OC4: Size (mm) (Longueur X Largeur X Épaisseur) | OK4: : | OL4: =+Main!B31 -> 0 | OM4: X | ON4: =+Main!C31 -> 0 | OO4: X | OP4: =+Main!D31 -> 0 | OQ4: Size (mm) (Longueur X Largeur X Épaisseur) | OY4: : | OZ4: =+Main!B32 -> 0 | PA4: X | PB4: =+Main!C32 -> 0 | PC4: X | PD4: =+Main!D32 -> 0 | PE4: Size (mm) (Longueur X Largeur X Épaisseur) | PM4: : | PN4: =+Main!B33 -> 0 | PO4: X | PP4: =+Main!C33 -> 0 | PQ4: X | PR4: =+Main!D33 -> 0 | PS4: Size (mm) (Longueur X Largeur X Épaisseur) | QA4: : | QB4: =+Main!B34 -> 0 | QC4: X | QD4: =+Main!C34 -> 0 | QE4: X | QF4: =+Main!D34 -> 0
A5: Qualité | I5: : | J5: =+Main!E3 -> B/BB | O5: Qualité | W5: : | X5: =+Main!E4 -> B/BB | AC5: Qualité | AK5: : | AL5: =+Main!E5 -> B/BB | AQ5: Qualité | AY5: : | AZ5: =+Main!E6 -> B/BB | BE5: Qualité | BM5: : | BN5: =+Main!E7 -> B/BB | BS5: Qualité | CA5: : | CB5: =+Main!E8 -> B/BB | CG5: Qualité | CO5: : | CP5: =+Main!E9 -> B/BB | CU5: Qualité | DC5: : | DD5: =+Main!E10 -> B/BB | DI5: Qualité | DQ5: : | DR5: =+Main!E11 -> B/BB | DW5: Qualité | EE5: : | EF5: =+Main!E12 -> B/BB | EK5: Qualité | ES5: : | ET5: =+Main!E13 -> B/BB | EY5: Qualité | FG5: : | FH5: =+Main!E14 -> B/BB | FM5: Qualité | FU5: : | FV5: =+Main!E15 -> B/BB | GA5: Qualité | GI5: : | GJ5: =+Main!E16 -> B/BB | GO5: Qualité | GW5: : | GX5: =+Main!E17 -> B/BB | HC5: Qualité | HK5: : | HL5: =+Main!E18 -> B/BB | HQ5: Qualité | HY5: : | HZ5: =+Main!E19 -> 0 | IE5: Qualité | IM5: : | IN5: =+Main!E20 -> 0 | IS5: Qualité | JA5: : | JB5: =+Main!E21 -> 0 | JG5: Qualité | JO5: : | JP5: =+Main!E22 -> 0 | JU5: Qualité | KC5: : | KD5: =+Main!E23 -> 0 | KI5: Qualité | KQ5: : | KR5: =+Main!E24 -> 0 | KW5: Qualité | LE5: : | LF5: =+Main!E25 -> 0 | LK5: Qualité | LS5: : | LT5: =+Main!E26 -> 0 | LY5: Qualité | MG5: : | MH5: =+Main!E27 -> 0 | MM5: Qualité | MU5: : | MV5: =+Main!E28 -> 0 | NA5: Qualité | NI5: : | NJ5: =+Main!E29 -> 0 | NO5: Qualité | NW5: : | NX5: =+Main!E30 -> 0 | OC5: Qualité | OK5: : | OL5: =+Main!E31 -> 0 | OQ5: Qualité | OY5: : | OZ5: =+Main!E32 -> 0 | PE5: Qualité | PM5: : | PN5: =+Main!E33 -> 0 | PS5: Qualité | QA5: : | QB5: =+Main!E34 -> 0
A6: Nombre de pièces / Cubage (m3) | I6: : | J6: =+Main!F3 -> 176 | K6: / | L6: =+Main!L3 -> 2.684 | O6: Nombre de pièces / Cubage (m3) | W6: : | X6: =+Main!F4 -> 88 | Y6: / | Z6: =+Main!L4 -> 2.684 | AC6: Nombre de pièces / Cubage (m3) | AK6: : | AL6: =+Main!F5 -> 88 | AM6: / | AN6: =+Main!L5 -> 2.684 | AQ6: Nombre de pièces / Cubage (m3) | AY6: : | AZ6: =+Main!F6 -> 40 | BA6: / | BB6: =+Main!L6 -> 2.684 | BE6: Nombre de pièces / Cubage (m3) | BM6: : | BN6: =+Main!F7 -> 67 | BO6: / | BP6: =+Main!L7 -> 3.17781 | BS6: Nombre de pièces / Cubage (m3) | CA6: : | CB6: =+Main!F8 -> 67 | CC6: / | CD6: =+Main!L8 -> 3.17781 | CG6: Nombre de pièces / Cubage (m3) | CO6: : | CP6: =+Main!F9 -> 67 | CQ6: / | CR6: =+Main!L9 -> 3.17781 | CU6: Nombre de pièces / Cubage (m3) | DC6: : | DD6: =+Main!F10 -> 67 | DE6: / | DF6: =+Main!L10 -> 3.17781 | DI6: Nombre de pièces / Cubage (m3) | DQ6: : | DR6: =+Main!F11 -> 67 | DS6: / | DT6: =+Main!L11 -> 3.17781 | DW6: Nombre de pièces / Cubage (m3) | EE6: : | EF6: =+Main!F12 -> 67 | EG6: / | EH6: =+Main!L12 -> 3.17781 | EK6: Nombre de pièces / Cubage (m3) | ES6: : | ET6: =+Main!F13 -> 67 | EU6: / | EV6: =+Main!L13 -> 3.17781 | EY6: Nombre de pièces / Cubage (m3) | FG6: : | FH6: =+Main!F14 -> 33 | FI6: / | FJ6: =+Main!L14 -> 3.13038 | FM6: Nombre de pièces / Cubage (m3) | FU6: : | FV6: =+Main!F15 -> 33 | FW6: / | FX6: =+Main!L15 -> 3.13038 | GA6: Nombre de pièces / Cubage (m3) | GI6: : | GJ6: =+Main!F16 -> 33 | GK6: / | GL6: =+Main!L16 -> 3.13038 | GO6: Nombre de pièces / Cubage (m3) | GW6: : | GX6: =+Main!F17 -> 30 | GY6: / | GZ6: =+Main!L17 -> 3.13038 | HC6: Nombre de pièces / Cubage (m3) | HK6: : | HL6: =+Main!F18 -> 22 | HM6: / | HN6: =+Main!L18 -> 3.13038 | HQ6: Nombre de pièces / Cubage (m3) | HY6: : | HZ6: =+Main!F19 -> 0 | IA6: / | IB6: =+Main!L19 -> 0 | IE6: Nombre de pièces / Cubage (m3) | IM6: : | IN6: =+Main!F20 -> 0 | IO6: / | IP6: =+Main!L20 -> 0 | IS6: Nombre de pièces / Cubage (m3) | JA6: : | JB6: =+Main!F21 -> 0 | JC6: / | JD6: =+Main!L21 -> 0 | JG6: Nombre de pièces / Cubage (m3) | JO6: : | JP6: =+Main!F22 -> 0 | JQ6: / | JR6: =+Main!L22 -> 0 | JU6: Nombre de pièces / Cubage (m3) | KC6: : | KD6: =+Main!F23 -> 0 | KE6: / | KF6: =+Main!L23 -> 0 | KI6: Nombre de pièces / Cubage (m3) | KQ6: : | KR6: =+Main!F24 -> 0 | KS6: / | KT6: =+Main!L24 -> 0 | KW6: Nombre de pièces / Cubage (m3) | LE6: : | LF6: =+Main!F25 -> 0 | LG6: / | LH6: =+Main!L25 -> 0 | LK6: Nombre de pièces / Cubage (m3) | LS6: : | LT6: =+Main!F26 -> 0 | LU6: / | LV6: =+Main!L26 -> 0 | LY6: Nombre de pièces / Cubage (m3) | MG6: : | MH6: =+Main!F27 -> 0 | MI6: / | MJ6: =+Main!L27 -> 0 | MM6: Nombre de pièces / Cubage (m3) | MU6: : | MV6: =+Main!F28 -> 0 | MW6: / | MX6: =+Main!L28 -> 0 | NA6: Nombre de pièces / Cubage (m3) | NI6: : | NJ6: =+Main!F29 -> 0 | NK6: / | NL6: =+Main!L29 -> 0 | NO6: Nombre de pièces / Cubage (m3) | NW6: : | NX6: =+Main!F30 -> 0 | NY6: / | NZ6: =+Main!L30 -> 0 | OC6: Nombre de pièces / Cubage (m3) | OK6: : | OL6: =+Main!F31 -> 0 | OM6: / | ON6: =+Main!L31 -> 0 | OQ6: Nombre de pièces / Cubage (m3) | OY6: : | OZ6: =+Main!F32 -> 0 | PA6: / | PB6: =+Main!L32 -> 0 | PE6: Nombre de pièces / Cubage (m3) | PM6: : | PN6: =+Main!F33 -> 0 | PO6: / | PP6: =+Main!L33 -> 0 | PS6: Nombre de pièces / Cubage (m3) | QA6: : | QB6: =+Main!F34 -> 0 | QC6: / | QD6: =+Main!L34 -> 0
A7: Essence | I7: : | J7: 100 % OKOUME | O7: Essence | W7: : | X7: 100 % OKOUME | AC7: Essence | AK7: : | AL7: 100 % OKOUME | AQ7: Essence | AY7: : | AZ7: 100 % OKOUME | BE7: Essence | BM7: : | BN7: 100 % OKOUME | BS7: Essence | CA7: : | CB7: 100 % OKOUME | CG7: Essence | CO7: : | CP7: 100 % OKOUME | CU7: Essence | DC7: : | DD7: 100 % OKOUME | DI7: Essence | DQ7: : | DR7: 100 % OKOUME | DW7: Essence | EE7: : | EF7: 100 % OKOUME | EK7: Essence | ES7: : | ET7: 100 % OKOUME | EY7: Essence | FG7: : | FH7: 100 % OKOUME | FM7: Essence | FU7: : | FV7: 100 % OKOUME | GA7: Essence | GI7: : | GJ7: 100 % OKOUME | GO7: Essence | GW7: : | GX7: 100 % OKOUME | HC7: Essence | HK7: : | HL7: 100 % OKOUME | HQ7: Essence | HY7: : | HZ7: 100 % OKOUME | IE7: Essence | IM7: : | IN7: 100 % OKOUME | IS7: Essence | JA7: : | JB7: 100 % OKOUME | JG7: Essence | JO7: : | JP7: 100 % OKOUME | JU7: Essence | KC7: : | KD7: 100 % OKOUME | KI7: Essence | KQ7: : | KR7: 100 % OKOUME | KW7: Essence | LE7: : | LF7: 100 % OKOUME | LK7: Essence | LS7: : | LT7: 100 % OKOUME | LY7: Essence | MG7: : | MH7: 100 % OKOUME | MM7: Essence | MU7: : | MV7: 100 % OKOUME | NA7: Essence | NI7: : | NJ7: 100 % OKOUME | NO7: Essence | NW7: : | NX7: 100 % OKOUME | OC7: Essence | OK7: : | OL7: 100 % OKOUME | OQ7: Essence | OY7: : | OZ7: 100 % OKOUME | PE7: Essence | PM7: : | PN7: 100 % OKOUME | PS7: Essence | QA7: : | QB7: 100 % OKOUME
A8: Type de colle / Classe | I8: : | J8: =+Main!H3 -> PF | K8: / | L8: =+Main!I3 -> E1 | O8: Type de colle / Classe | W8: : | X8: =+Main!H4 -> PF | Y8: / | Z8: =+Main!I4 -> E1 | AC8: Type de colle / Classe | AK8: : | AL8: =+Main!H5 -> PF | AM8: / | AN8: =+Main!I5 -> E1 | AQ8: Type de colle / Classe | AY8: : | AZ8: =+Main!H5 -> PF | BA8: / | BB8: =+Main!I5 -> E1 | BE8: Type de colle / Classe | BM8: : | BN8: =+Main!H7 -> PF | BO8: / | BP8: =+Main!I7 -> E1 | BS8: Type de colle / Classe | CA8: : | CB8: =+Main!H8 -> PF | CC8: / | CD8: =+Main!I8 -> E1 | CG8: Type de colle / Classe | CO8: : | CP8: =+Main!H9 -> PF | CQ8: / | CR8: =+Main!I9 -> E1 | CU8: Type de colle / Classe | DC8: : | DD8: =+Main!H10 -> PF | DE8: / | DF8: =+Main!I10 -> E1 | DI8: Type de colle / Classe | DQ8: : | DR8: =+Main!H11 -> PF | DS8: / | DT8: =+Main!I11 -> E1 | DW8: Type de colle / Classe | EE8: : | EF8: =+Main!H12 -> PF | EG8: / | EH8: =+Main!I12 -> E1 | EK8: Type de colle / Classe | ES8: : | ET8: =+Main!H13 -> PF | EU8: / | EV8: =+Main!I13 -> E1 | EY8: Type de colle / Classe | FG8: : | FH8: =+Main!H14 -> PF | FI8: / | FJ8: =+Main!I14 -> E1 | FM8: Type de colle / Classe | FU8: : | FV8: =+Main!H15 -> PF | FW8: / | FX8: =+Main!I15 -> E1 | GA8: Type de colle / Classe | GI8: : | GJ8: =+Main!H16 -> PF | GK8: / | GL8: =+Main!I16 -> E1 | GO8: Type de colle / Classe | GW8: : | GX8: =+Main!H17 -> PF | GY8: / | GZ8: =+Main!I17 -> E1 | HC8: Type de colle / Classe | HK8: : | HL8: =+Main!H18 -> PF | HM8: / | HN8: =+Main!I18 -> E1 | HQ8: Type de colle / Classe | HY8: : | HZ8: =+Main!H19 -> 0 | IA8: / | IB8: =+Main!I19 -> 0 | IE8: Type de colle / Classe | IM8: : | IN8: =+Main!H20 -> 0 | IO8: / | IP8: =+Main!I20 -> 0 | IS8: Type de colle / Classe | JA8: : | JB8: =+Main!H21 -> 0 | JC8: / | JD8: =+Main!I21 -> 0 | JG8: Type de colle / Classe | JO8: : | JP8: =+Main!H22 -> 0 | JQ8: / | JR8: =+Main!I22 -> 0 | JU8: Type de colle / Classe | KC8: : | KD8: =+Main!H23 -> 0 | KE8: / | KF8: =+Main!I23 -> 0 | KI8: Type de colle / Classe | KQ8: : | KR8: =+Main!H24 -> 0 | KS8: / | KT8: =+Main!I24 -> 0 | KW8: Type de colle / Classe | LE8: : | LF8: =+Main!H25 -> 0 | LG8: / | LH8: =+Main!I25 -> 0 | LK8: Type de colle / Classe | LS8: : | LT8: =+Main!H26 -> 0 | LU8: / | LV8: =+Main!I26 -> 0 | LY8: Type de colle / Classe | MG8: : | MH8: =+Main!H17 -> PF | MI8: / | MJ8: =+Main!I27 -> 0 | MM8: Type de colle / Classe | MU8: : | MV8: =+Main!H28 -> 0 | MW8: / | MX8: =+Main!I28 -> 0 | NA8: Type de colle / Classe | NI8: : | NJ8: =+Main!H29 -> 0 | NK8: / | NL8: =+Main!I29 -> 0 | NO8: Type de colle / Classe | NW8: : | NX8: =+Main!H30 -> 0 | NY8: / | NZ8: =+Main!I30 -> 0 | OC8: Type de colle / Classe | OK8: : | OL8: =+Main!H31 -> 0 | OM8: / | ON8: =+Main!I31 -> 0 | OQ8: Type de colle / Classe | OY8: : | OZ8: =+Main!H32 -> 0 | PA8: / | PB8: =+Main!I32 -> 0 | PE8: Type de colle / Classe | PM8: : | PN8: =+Main!H33 -> 0 | PO8: / | PP8: =+Main!I33 -> 0 | PS8: Type de colle / Classe | QA8: : | QB8: =+Main!H34 -> 0 | QC8: / | QD8: =+Main!I34 -> 0
A9: Numéro de palette | I9: : | J9: =+Main!J3 -> 1 | K9: / | L9: =+Main!K3 -> 16 | O9: Numéro de palette | W9: : | X9: =+Main!J4 -> 2 | Y9: / | Z9: =+Main!K4 -> 16 | AC9: Numéro de palette | AK9: : | AL9: =+Main!J5 -> 3 | AM9: / | AN9: =+Main!K5 -> 16 | AQ9: Numéro de palette | AY9: : | AZ9: =+Main!J6 -> 4 | BA9: / | BB9: =+Main!K6 -> 16 | BE9: Numéro de palette | BM9: : | BN9: =+Main!J7 -> 5 | BO9: / | BP9: =+Main!K7 -> 16 | BS9: Numéro de palette | CA9: : | CB9: =+Main!J8 -> 6 | CC9: / | CD9: =+Main!K8 -> 16 | CG9: Numéro de palette | CO9: : | CP9: =+Main!J9 -> 7 | CQ9: / | CR9: =+Main!K9 -> 16 | CU9: Numéro de palette | DC9: : | DD9: =+Main!J10 -> 8 | DE9: / | DF9: =+Main!K10 -> 16 | DI9: Numéro de palette | DQ9: : | DR9: =+Main!J11 -> 9 | DS9: / | DT9: =+Main!K11 -> 16 | DW9: Numéro de palette | EE9: : | EF9: =+Main!J12 -> 10 | EG9: / | EH9: =+Main!K12 -> 16 | EK9: Numéro de palette | ES9: : | ET9: =+Main!J13 -> 11 | EU9: / | EV9: =+Main!K13 -> 16 | EY9: Numéro de palette | FG9: : | FH9: =+Main!J14 -> 12 | FI9: / | FJ9: =+Main!K14 -> 16 | FM9: Numéro de palette | FU9: : | FV9: =+Main!J15 -> 13 | FW9: / | FX9: =+Main!K15 -> 16 | GA9: Numéro de palette | GI9: : | GJ9: =+Main!J16 -> 14 | GK9: / | GL9: =+Main!K16 -> 16 | GO9: Numéro de palette | GW9: : | GX9: =+Main!J17 -> 15 | GY9: / | GZ9: =+Main!K17 -> 16 | HC9: Numéro de palette | HK9: : | HL9: =+Main!J18 -> 16 | HM9: / | HN9: =+Main!K18 -> 16 | HQ9: Numéro de palette | HY9: : | HZ9: =+Main!J19 -> 0 | IA9: / | IB9: =+Main!K19 -> 0 | IE9: Numéro de palette | IM9: : | IN9: =+Main!J20 -> 0 | IO9: / | IP9: =+Main!K20 -> 0 | IS9: Numéro de palette | JA9: : | JB9: =+Main!J21 -> 0 | JC9: / | JD9: =+Main!K21 -> 0 | JG9: Numéro de palette | JO9: : | JP9: =+Main!J22 -> 0 | JQ9: / | JR9: =+Main!K22 -> 0 | JU9: Numéro de palette | KC9: : | KD9: =+Main!J23 -> 0 | KE9: / | KF9: =+Main!K23 -> 0 | KI9: Numéro de palette | KQ9: : | KR9: =+Main!J24 -> 0 | KS9: / | KT9: =+Main!K24 -> 0 | KW9: Numéro de palette | LE9: : | LF9: =+Main!J25 -> 0 | LG9: / | LH9: =+Main!K25 -> 0 | LK9: Numéro de palette | LS9: : | LT9: =+Main!J26 -> 0 | LU9: / | LV9: =+Main!K26 -> 0 | LY9: Numéro de palette | MG9: : | MH9: =+Main!J27 -> 0 | MI9: / | MJ9: =+Main!K27 -> 0 | MM9: Numéro de palette | MU9: : | MV9: =+Main!J28 -> 0 | MW9: / | MX9: =+Main!K28 -> 0 | NA9: Numéro de palette | NI9: : | NJ9: =+Main!J29 -> 0 | NK9: / | NL9: =+Main!K29 -> 0 | NO9: Numéro de palette | NW9: : | NX9: =+Main!J30 -> 0 | NY9: / | NZ9: =+Main!K30 -> 0 | OC9: Numéro de palette | OK9: : | OL9: =+Main!J31 -> 0 | OM9: / | ON9: =+Main!K31 -> 0 | OQ9: Numéro de palette | OY9: : | OZ9: =+Main!J32 -> 0 | PA9: / | PB9: =+Main!K32 -> 0 | PE9: Numéro de palette | PM9: : | PN9: =+Main!J33 -> 0 | PO9: / | PP9: =+Main!K33 -> 0 | PS9: Numéro de palette | QA9: : | QB9: =+Main!J34 -> 0 | QC9: / | QD9: =+Main!K34 -> 0
A10: PO. No. | I10: : | J10: =+Main!C1 -> CT241203066-1 | O10: PO. No. | W10: : | X10: =+Main!C1 -> CT241203066-1 | AC10: PO. No. | AK10: : | AL10: =+Main!C1 -> CT241203066-1 | AQ10: PO. No. | AY10: : | AZ10: =+Main!C1 -> CT241203066-1 | BE10: PO. No. | BM10: : | BN10: =+Main!C1 -> CT241203066-1 | BS10: PO. No. | CA10: : | CB10: =+Main!C1 -> CT241203066-1 | CG10: PO. No. | CO10: : | CP10: =+Main!C1 -> CT241203066-1 | CU10: PO. No. | DC10: : | DD10: =+Main!C1 -> CT241203066-1 | DI10: PO. No. | DQ10: : | DR10: =+Main!C1 -> CT241203066-1 | DW10: PO. No. | EE10: : | EF10: =+Main!C1 -> CT241203066-1 | EK10: PO. No. | ES10: : | ET10: =+Main!C1 -> CT241203066-1 | EY10: PO. No. | FG10: : | FH10: =+Main!C1 -> CT241203066-1 | FM10: PO. No. | FU10: : | FV10: =+Main!C1 -> CT241203066-1 | GA10: PO. No. | GI10: : | GJ10: =+Main!C1 -> CT241203066-1 | GO10: PO. No. | GW10: : | GX10: =+Main!C1 -> CT241203066-1 | HC10: PO. No. | HK10: : | HL10: =+Main!C1 -> CT241203066-1 | HQ10: PO. No. | HY10: : | HZ10: =+Main!C1 -> CT241203066-1 | IE10: PO. No. | IM10: : | IN10: =+Main!C1 -> CT241203066-1 | IS10: PO. No. | JA10: : | JB10: =+Main!C1 -> CT241203066-1 | JG10: PO. No. | JO10: : | JP10: =+Main!C1 -> CT241203066-1 | JU10: PO. No. | KC10: : | KD10: =+Main!C1 -> CT241203066-1 | KI10: PO. No. | KQ10: : | KR10: =+Main!C1 -> CT241203066-1 | KW10: PO. No. | LE10: : | LF10: =+Main!C1 -> CT241203066-1 | LK10: PO. No. | LS10: : | LT10: =+Main!C1 -> CT241203066-1 | LY10: PO. No. | MG10: : | MH10: =+Main!C1 -> CT241203066-1 | MM10: PO. No. | MU10: : | MV10: =+Main!C1 -> CT241203066-1 | NA10: PO. No. | NI10: : | NJ10: =+Main!C1 -> CT241203066-1 | NO10: PO. No. | NW10: : | NX10: =+Main!C1 -> CT241203066-1 | OC10: PO. No. | OK10: : | OL10: =+Main!C1 -> CT241203066-1 | OQ10: PO. No. | OY10: : | OZ10: =+Main!C1 -> CT241203066-1 | PE10: PO. No. | PM10: : | PN10: =+Main!C1 -> CT241203066-1 | PS10: PO. No. | QA10: : | QB10: =+Main!C1 -> CT241203066-1
A12: CE N° 0380-CPR-800 | O12: CE N° 0380-CPR-800 | AC12: CE N° 0380-CPR-800 | AQ12: CE N° 0380-CPR-800 | BE12: CE N° 0380-CPR-800 | BS12: CE N° 0380-CPR-800 | CG12: CE N° 0380-CPR-800 | CU12: CE N° 0380-CPR-800 | DI12: CE N° 0380-CPR-800 | DW12: CE N° 0380-CPR-800 | EK12: CE N° 0380-CPR-800 | EY12: CE N° 0380-CPR-800 | FM12: CE N° 0380-CPR-800 | GA12: CE N° 0380-CPR-800 | GO12: CE N° 0380-CPR-800 | HC12: CE N° 0380-CPR-800 | HQ12: CE N° 0380-CPR-800 | IE12: CE N° 0380-CPR-800 | IS12: CE N° 0380-CPR-800 | JG12: CE N° 0380-CPR-800 | JU12: CE N° 0380-CPR-800 | KI12: CE N° 0380-CPR-800 | KW12: CE N° 0380-CPR-800 | LK12: CE N° 0380-CPR-800 | LY12: CE N° 0380-CPR-800 | MM12: CE N° 0380-CPR-800 | NA12: CE N° 0380-CPR-800 | NO12: CE N° 0380-CPR-800 | OC12: CE N° 0380-CPR-800 | OQ12: CE N° 0380-CPR-800 | PE12: CE N° 0380-CPR-800 | PS12: CE N° 0380-CPR-800
A13: Selon EN 636-3S NF EN 13986: 2004 + A1: 2015 | O13: Selon EN 636-3S NF EN 13986: 2004 + A1: 2015 | AC13: Selon EN 636-3S NF EN 13986: 2004 + A1: 2015 | AQ13: Selon EN 636-3S NF EN 13986: 2004 + A1: 2015 | BE13: Selon EN 636-3S NF EN 13986: 2004 + A1: 2015 | BS13: Selon EN 636-3S NF EN 13986: 2004 + A1: 2015 | CG13: Selon EN 636-3S NF EN 13986: 2004 + A1: 2015 | CU13: Selon EN 636-3S NF EN 13986: 2004 + A1: 2015 | DI13: Selon EN 636-3S NF EN 13986: 2004 + A1: 2015 | DW13: Selon EN 636-3S NF EN 13986: 2004 + A1: 2015 | EK13: Selon EN 636-3S NF EN 13986: 2004 + A1: 2015 | EY13: Selon EN 636-3S NF EN 13986: 2004 + A1: 2015 | FM13: Selon EN 636-3S NF EN 13986: 2004 + A1: 2015 | GA13: Selon EN 636-3S NF EN 13986: 2004 + A1: 2015 | GO13: Selon EN 636-3S NF EN 13986: 2004 + A1: 2015 | HC13: Selon EN 636-3S NF EN 13986: 2004 + A1: 2015 | HQ13: Selon EN 636-3S NF EN 13986: 2004 + A1: 2015 | IE13: Selon EN 636-3S NF EN 13986: 2004 + A1: 2015 | IS13: Selon EN 636-3S NF EN 13986: 2004 + A1: 2015 | JG13: Selon EN 636-3S NF EN 13986: 2004 + A1: 2015 | JU13: Selon EN 636-3S NF EN 13986: 2004 + A1: 2015 | KI13: Selon EN 636-3S NF EN 13986: 2004 + A1: 2015 | KW13: Selon EN 636-3S NF EN 13986: 2004 + A1: 2015 | LK13: Selon EN 636-3S NF EN 13986: 2004 + A1: 2015 | LY13: Selon EN 636-3S NF EN 13986: 2004 + A1: 2015 | MM13: Selon EN 636-3S NF EN 13986: 2004 + A1: 2015 | NA13: Selon EN 636-3S NF EN 13986: 2004 + A1: 2015 | NO13: Selon EN 636-3S NF EN 13986: 2004 + A1: 2015 | OC13: Selon EN 636-3S NF EN 13986: 2004 + A1: 2015 | OQ13: Selon EN 636-3S NF EN 13986: 2004 + A1: 2015 | PE13: Selon EN 636-3S NF EN 13986: 2004 + A1: 2015 | PS13: Selon EN 636-3S NF EN 13986: 2004 + A1: 2015
A14: FABRIQUÉ AU GABON PAR STAR PLY GABON | O14: FABRIQUÉ AU GABON PAR STAR PLY GABON | AC14: FABRIQUÉ AU GABON PAR STAR PLY GABON | AQ14: FABRIQUÉ AU GABON PAR STAR PLY GABON | BE14: FABRIQUÉ AU GABON PAR STAR PLY GABON | BS14: FABRIQUÉ AU GABON PAR STAR PLY GABON | CG14: FABRIQUÉ AU GABON PAR STAR PLY GABON | CU14: FABRIQUÉ AU GABON PAR STAR PLY GABON | DI14: FABRIQUÉ AU GABON PAR STAR PLY GABON | DW14: FABRIQUÉ AU GABON PAR STAR PLY GABON | EK14: FABRIQUÉ AU GABON PAR STAR PLY GABON | EY14: FABRIQUÉ AU GABON PAR STAR PLY GABON | FM14: FABRIQUÉ AU GABON PAR STAR PLY GABON | GA14: FABRIQUÉ AU GABON PAR STAR PLY GABON | GO14: FABRIQUÉ AU GABON PAR STAR PLY GABON | HC14: FABRIQUÉ AU GABON PAR STAR PLY GABON | HQ14: FABRIQUÉ AU GABON PAR STAR PLY GABON | IE14: FABRIQUÉ AU GABON PAR STAR PLY GABON | IS14: FABRIQUÉ AU GABON PAR STAR PLY GABON | JG14: FABRIQUÉ AU GABON PAR STAR PLY GABON | JU14: FABRIQUÉ AU GABON PAR STAR PLY GABON | KI14: FABRIQUÉ AU GABON PAR STAR PLY GABON | KW14: FABRIQUÉ AU GABON PAR STAR PLY GABON | LK14: FABRIQUÉ AU GABON PAR STAR PLY GABON | LY14: FABRIQUÉ AU GABON PAR STAR PLY GABON | MM14: FABRIQUÉ AU GABON PAR STAR PLY GABON | NA14: FABRIQUÉ AU GABON PAR STAR PLY GABON | NO14: FABRIQUÉ AU GABON PAR STAR PLY GABON | OC14: FABRIQUÉ AU GABON PAR STAR PLY GABON | OQ14: FABRIQUÉ AU GABON PAR STAR PLY GABON | PE14: FABRIQUÉ AU GABON PAR STAR PLY GABON | PS14: FABRIQUÉ AU GABON PAR STAR PLY GABON
EV16: a

Sheet Load List
A1: CONTAINER LOADING PLAN
A2: CONTAINER NUMBER : MSNU9517247 (MSC)
A3: PARTY NAME / PO NO. : ROUGIER / PO 03066/4
A4: TOTAL NUMBER OF PALLETS : 16 PALLETS
A5: SIZE AND THICKNESS | H5: NO. OF PALLETS | I5: PCS. PER PALLET
A6: =+Main!B3 -> 2500 | B6: X | C6: =+Main!C3 -> 1220 | D6: X | E6: =+Main!D3 -> 5 | F6: MM | H6: 1 | I6: =+Main!F3 -> 176
A7: =+Main!B4 -> 2500 | B7: X | C7: =+Main!C4 -> 1220 | D7: X | E7: =+Main!D4 -> 10 | F7: MM | H7: 2 | I7: =+Main!F4 -> 88
A8: =+Main!B5 -> 2500 | B8: X | C8: =+Main!C5 -> 1220 | D8: X | E8: =+Main!D5 -> 10 | F8: MM | H8: 3 | I8: =+Main!F5 -> 88
A9: =+Main!B6 -> 2500 | B9: X | C9: =+Main!C6 -> 1220 | D9: X | E9: =+Main!D6 -> 22 | F9: MM | H9: 4 | I9: =+Main!F6 -> 40
A10: =+Main!B7 -> 3100 | B10: X | C10: =+Main!C7 -> 1530 | D10: X | E10: =+Main!D7 -> 10 | F10: MM | H10: 5 | I10: =+Main!F7 -> 67
A11: =+Main!B8 -> 3100 | B11: X | C11: =+Main!C8 -> 1530 | D11: X | E11: =+Main!D8 -> 10 | F11: MM | H11: 6 | I11: =+Main!F8 -> 67
A12: =+Main!B9 -> 3100 | B12: X | C12: =+Main!C9 -> 1530 | D12: X | E12: =+Main!D9 -> 10 | F12: MM | H12: 7 | I12: =+Main!F9 -> 67
A13: =+Main!B10 -> 3100 | B13: X | C13: =+Main!C10 -> 1530 | D13: X | E13: =+Main!D10 -> 10 | F13: MM | H13: 8 | I13: =+Main!F10 -> 67
A14: =+Main!B11 -> 3100 | B14: X | C14: =+Main!C11 -> 1530 | D14: X | E14: =+Main!D11 -> 10 | F14: MM | H14: 9 | I14: =+Main!F11 -> 67
A15: =+Main!B12 -> 3100 | B15: X | C15: =+Main!C12 -> 1530 | D15: X | E15: =+Main!D12 -> 10 | F15: MM | H15: 10 | I15: =+Main!F12 -> 67
A16: =+Main!B13 -> 3100 | B16: X | C16: =+Main!C13 -> 1530 | D16: X | E16: =+Main!D13 -> 10 | F16: MM | H16: 11 | I16: =+Main!F13 -> 67
A17: =+Main!B14 -> 3100 | B17: X | C17: =+Main!C14 -> 1530 | D17: X | E17: =+Main!D14 -> 20 | F17: MM | H17: 12 | I17: =+Main!F14 -> 33
... A21: =+Main!B18 -> 3100 | B21: X | C21: =+Main!C18 -> 1530 | D21: X | E21: =+Main!D18 -> 30 | F21: MM | H21: 16 | I21: =+Main!F18 -> 22

Sheet Packing List
A1: SPECIFICATION
A2: Exportateur:
A3: STAR PLY GABON | P3: STAR PLY GABON
A4: BP 1024, PLOT NO B2/B1, GSEZ, | P4: BP1024
A5: NKOK, LIBREVILLE,GABON | P5: LIBREVILLE GABON
A6: Email: starplygabon@gmail.com | P6: Tel: +241 66884164 , 62357222
A8: Destinataire: | I8: DATE | O8: Species: | R8: Purchase Order No.
A9: ROUGIER AFRIQUE INTERNATIONAL | I9: 03/01/2025 | O9: 100% Okoume | R9: PO 03066
A10: P/C: ALFANO LEGNAMI SPA | O10: (Aucoumea Klaineana Pierre)
A11: VIALE DELLA BELLA VILLA 231 | I11: Port of Loading | O11: Incoterm | Q11: Shipped Through | R11: Port of Discharge
A12: 00172 ROMA (RM) | I12: LIBREVILLE,GABON | O12: FOB | Q12: MSC | R12: LIVORNO, ITALY
A13: ITALIE
A15: SR.NO. | B15: Conteneur | C15: Plomb | D15: Description des Biens | L15: PALLET NO. | O15: Quantité | T15: Metre Cube
A16: 1 | B16: MSNU9517247 | C16: EU28599240 | D16: Contre-plaqué | E16: =+Main!B3 -> 2500 | F16: X | G16: =+Main!C3 -> 1220 | H16: X | I16: =+Main!D3 -> 5 | J16: MM | L16: =+Main!J3 -> 1 | M16: / | N16: =+Main!K3 -> 16 | O16: =+Main!F3 -> 176 | P16: PCS. | Q16: (1 PACKAGE OF | R16: =+O16 -> 176 | S16: PCS.) | T16: =+E16*G16*I16*O16/1000000000 -> 2.684 | U16: =+T16 -> 2.684
D17: Contre-plaqué | E17: =+Main!B4 -> 2500 | F17: X | G17: =+Main!C4 -> 1220 | H17: X | I17: =+Main!D4 -> 10 | J17: MM | L17: =+Main!J4 -> 2 | M17: / | N17: =+Main!K4 -> 16 | O17: =+Main!F4 -> 88 | P17: PCS. | Q17: (1 PACKAGE OF | R17: =+O17 -> 88 | S17: PCS.) | T17: =+E17*G17*I17*O17/1000000000 -> 2.684 | U17: =+T17*2 -> 5.368
D18: Contre-plaqué | E18: =+Main!B5 -> 2500 | F18: X | G18: =+Main!C5 -> 1220 | H18: X | I18: =+Main!D5 -> 10 | J18: MM | L18: =+Main!J5 -> 3 | M18: / | N18: =+Main!K5 -> 16 | O18: =+Main!F5 -> 88 | P18: PCS. | Q18: (1 PACKAGE OF | R18: =+O18 -> 88 | S18: PCS.) | T18: =+E18*G18*I18*O18/1000000000 -> 2.684
D19: Contre-plaqué | E19: =+Main!B6 -> 2500 | F19: X | G19: =+Main!C6 -> 1220 | H19: X | I19: =+Main!D6 -> 22 | J19: MM | L19: =+Main!J6 -> 4 | M19: / | N19: =+Main!K6 -> 16 | O19: =+Main!F6 -> 40 | P19: PCS. | Q19: (1 PACKAGE OF | R19: =+O19 -> 40 | S19: PCS.) | T19: =+E19*G19*I19*O19/1000000000 -> 2.684 | U19: =+T19 -> 2.684
D20: Contre-plaqué | E20: =+Main!B7 -> 3100 | F20: X | G20: =+Main!C7 -> 1530 | H20: X | I20: =+Main!D7 -> 10 | J20: MM | L20: =+Main!J7 -> 5 | M20: / | N20: =+Main!K7 -> 16 | O20: =+Main!F7 -> 67 | P20: PCS. | Q20: (1 PACKAGE OF | R20: =+O20 -> 67 | S20: PCS.) | T20: =+E20*G20*I20*O20/1000000000 -> 3.17781 | U20: =+T26*7 -> 22.24467
D21: Contre-plaqué | E21: =+Main!B8 -> 3100 | F21: X | G21: =+Main!C8 -> 1530 | H21: X | I21: =+Main!D8 -> 10 | J21: MM | L21: =+Main!J8 -> 6 | M21: / | N21: =+Main!K8 -> 16 | O21: =+Main!F8 -> 67 | P21: PCS. | Q21: (1 PACKAGE OF | R21: =+O21 -> 67 | S21: PCS.) | T21: =+E21*G21*I21*O21/1000000000 -> 3.17781
D22: Contre-plaqué | E22: =+Main!B9 -> 3100 | F22: X | G22: =+Main!C9 -> 1530 | H22: X | I22: =+Main!D9 -> 10 | J22: MM | L22: =+Main!J9 -> 7 | M22: / | N22: =+Main!K9 -> 16 | O22: =+Main!F9 -> 67 | P22: PCS. | Q22: (1 PACKAGE OF | R22: =+O22 -> 67 | S22: PCS.) | T22: =+E22*G22*I22*O22/1000000000 -> 3.17781
D23: Contre-plaqué | E23: =+Main!B10 -> 3100 | F23: X | G23: =+Main!C10 -> 1530 | H23: X | I23: =+Main!D10 -> 10 | J23: MM | L23: =+Main!J10 -> 8 | M23: / | N23: =+Main!K10 -> 16 | O23: =+Main!F10 -> 67 | P23: PCS. | Q23: (1 PACKAGE OF | R23: =+O23 -> 67 | S23: PCS.) | T23: =+E23*G23*I23*O23/1000000000 -> 3.17781
D24: Contre-plaqué | E24: =+Main!B11 -> 3100 | F24: X | G24: =+Main!C11 -> 1530 | H24: X | I24: =+Main!D11 -> 10 | J24: MM | L24: =+Main!J11 -> 9 | M24: / | N24: =+Main!K11 -> 16 | O24: =+Main!F11 -> 67 | P24: PCS. | Q24: (1 PACKAGE OF | R24: =+O24 -> 67 | S24: PCS.) | T24: =+E24*G24*I24*O24/1000000000 -> 3.17781
D25: Contre-plaqué | E25: =+Main!B12 -> 3100 | F25: X | G25: =+Main!C12 -> 1530 | H25: X | I25: =+Main!D12 -> 10 | J25: MM | L25: =+Main!J12 -> 10 | M25: / | N25: =+Main!K12 -> 16 | O25: =+Main!F12 -> 67 | P25: PCS. | Q25: (1 PACKAGE OF | R25: =+O25 -> 67 | S25: PCS.) | T25: =+E25*G25*I25*O25/1000000000 -> 3.17781
D26: Contre-plaqué | E26: =+Main!B13 -> 3100 | F26: X | G26: =+Main!C13 -> 1530 | H26: X | I26: =+Main!D13 -> 10 | J26: MM | L26: =+Main!J13 -> 11 | M26: / | N26: =+Main!K13 -> 16 | O26: =+Main!F13 -> 67 | P26: PCS. | Q26: (1 PACKAGE OF | R26: =+O26 -> 67 | S26: PCS.) | T26: =+E26*G26*I26*O26/1000000000 -> 3.17781
D27: Contre-plaqué | E27: =+Main!B14 -> 3100 | F27: X | G27: =+Main!C14 -> 1530 | H27: X | I27: =+Main!D14 -> 20 | J27: MM | L27: =+Main!J14 -> 12 | M27: / | N27: =+Main!K14 -> 16 | O27: =+Main!F14 -> 33 | P27: PCS. | Q27: (1 PACKAGE OF | R27: =+O27 -> 33 | S27: PCS.) | T27: =+E27*G27*I27*O27/1000000000 -> 3.13038 | U27: =+T29*3 -> 9.39114
D28: Contre-plaqué | E28: =+Main!B15 -> 3100 | F28: X | G28: =+Main!C15 -> 1530 | H28: X | I28: =+Main!D15 -> 20 | J28: MM | L28: =+Main!J15 -> 13 | M28: / | N28: =+Main!K15 -> 16 | O28: =+Main!F15 -> 33 | P28: PCS. | Q28: (1 PACKAGE OF | R28: =+O28 -> 33 | S28: PCS.) | T28: =+E28*G28*I28*O28/1000000000 -> 3.13038
D29: Contre-plaqué | E29: =+Main!B16 -> 3100 | F29: X | G29: =+Main!C16 -> 1530 | H29: X | I29: =+Main!D16 -> 20 | J29: MM | L29: =+Main!J16 -> 14 | M29: / | N29: =+Main!K16 -> 16 | O29: =+Main!F16 -> 33 | P29: PCS. | Q29: (1 PACKAGE OF | R29: =+O29 -> 33 | S29: PCS.) | T29: =+E29*G29*I29*O29/1000000000 -> 3.13038
D30: Contre-plaqué | E30: =+Main!B17 -> 3100 | F30: X | G30: =+Main!C17 -> 1530 | H30: X | I30: =+Main!D17 -> 22 | J30: MM | L30: =+Main!J17 -> 15 | M30: / | N30: =+Main!K17 -> 16 | O30: =+Main!F17 -> 30 | P30: PCS. | Q30: (1 PACKAGE OF | R30: =+O30 -> 30 | S30: PCS.) | T30: =+E30*G30*I30*O30/1000000000 -> 3.13038 | U30: =+T30 -> 3.13038
D31: Contre-plaqué | E31: =+Main!B18 -> 3100 | F31: X | G31: =+Main!C18 -> 1530 | H31: X | I31: =+Main!D18 -> 30 | J31: MM | L31: =+Main!J18 -> 16 | M31: / | N31: =+Main!K18 -> 16 | O31: =+Main!F18 -> 22 | P31: PCS. | Q31: (1 PACKAGE OF | R31: =+O31 -> 22 | S31: PCS.) | T31: =+E31*G31*I31*O31/1000000000 -> 3.13038 | U31: =+T31 -> 3.13038
A32: Pour Industrie DuBois | I32: TOTAL 16 PACKAGE | U32: =SUM(U16:U31) -> 48.63257
I33: Poids Net | L33: 22500 KGS
